Room Number,1146,1146,1135,1135
Room ID,477244,477244,477245,477245
Month,April,June,April,June
Day of Month,,,,
1,109,14,168,213
2,113,10,141,184
3,150,1,187,124
4,167,4,228,151
5,162,16,204,203
6,180,8,215,183
7,179,6,171,210
8,133,8,171,203
9,117,5,183,193
10,158,2,201,148
11,174,3,159,188
12,189,13,202,202
13,182,14,199,181
14,174,6,214,208
15,108,18,150,164
16,122,6,169,201
17,149,5,205,171
18,166,5,243,178
19,195,18,259,219
20,195,13,189,202
21,148,9,207,186
22,97,14,146,235
23,111,5,117,273
24,147,4,188,186
25,187,2,230,125
26,242,11,265,206
27,223,15,170,218
28,159,12,162,216
29,155,14,150,211
30,138,6,25,235
